{
  "rain": {
    "f1": 0.9387755102040817,
    "auc": 0.9958010335917312
  },
  "heat": {
    "f1": 0.990990990990991,
    "auc": 0.998330241187384
  },
  "wind": {
    "f1": 0.8648648648648649,
    "auc": 0.9824942791762014
  },
  "snow": {
    "f1": 1.0,
    "auc": 1.0
  },
  "haze": {
    "f1": 0.9841269841269841,
    "auc": 1.0
  }
}