{
  "rain": {
    "f1": 0.9166666666666666,
    "auc": 0.9958010335917313
  },
  "heat": {
    "f1": 0.990990990990991,
    "auc": 0.9983302411873841
  },
  "wind": {
    "f1": 0.9066666666666666,
    "auc": 0.9749427917620138
  },
  "snow": {
    "f1": 1.0,
    "auc": 1.0
  },
  "haze": {
    "f1": 0.9841269841269841,
    "auc": 1.0
  }
}