{
  "rain": {
    "f1": 0.0,
    "auc": 0.6666666666666667
  },
  "heat": {
    "f1": 0.8571428571428571,
    "auc": 1.0
  }
}